-- phpMyAdmin SQL Dump
-- version 3.5.2.2
-- http://www.phpmyadmin.net
--
-- Host: 127.0.0.1
-- Generation Time: May 05, 2013 at 09:27 PM
-- Server version: 5.5.27
-- PHP Version: 5.4.7

SET SQL_MODE="NO_AUTO_VALUE_ON_ZERO";
SET time_zone = "+00:00";


/*!40101 SET @OLD_CHARACTER_SET_CLIENT=@@CHARACTER_SET_CLIENT */;
/*!40101 SET @OLD_CHARACTER_SET_RESULTS=@@CHARACTER_SET_RESULTS */;
/*!40101 SET @OLD_COLLATION_CONNECTION=@@COLLATION_CONNECTION */;
/*!40101 SET NAMES utf8 */;

--
-- Database: `bookonline`
--

-- --------------------------------------------------------

--
-- Table structure for table `bso_basket`
--

CREATE TABLE IF NOT EXISTS `bso_basket` (
  `ID_Basket` varchar(15) COLLATE utf8_unicode_ci NOT NULL DEFAULT '0',
  `ID_Member` int(5) NOT NULL,
  `ID_Book` varchar(10) COLLATE utf8_unicode_ci NOT NULL,
  `Number` int(3) NOT NULL,
  PRIMARY KEY (`ID_Basket`)
) ENGINE=InnoDB DEFAULT CHARSET=utf8 COLLATE=utf8_unicode_ci;

--
-- Dumping data for table `bso_basket`
--

INSERT INTO `bso_basket` (`ID_Basket`, `ID_Member`, `ID_Book`, `Number`) VALUES
('20130103031133', 0, '', 0),
('20130103031934', 54, '808', 1),
('20130103032011', 54, '808', 1),
('20130103032112', 54, '808', 1),
('20130103032211', 54, '808', 1),
('20130103032432', 54, '808', 1),
('20130103032554', 54, '808', 1),
('20130103032809', 54, '808', 1),
('20130103032842', 54, '808', 4),
('20130103033537', 54, '808', 4),
('20130103033644', 54, '808', 4),
('20130103042501', 54, '808', 4),
('20130103042643', 54, '808', 4),
('20130103042729', 54, '808', 4),
('20130103042747', 54, '808', 4),
('20130103042849', 54, '808', 4),
('20130103042903', 54, '808', 4),
('20130103042918', 54, '808', 4),
('20130103044111', 54, '808', 4),
('20130103044233', 54, '808', 4),
('20130103044345', 54, '808', 4),
('20130603065714', 2, '525', 10),
('20130603070807', 0, '', 1),
('20130603075832', 2, 'LT13010', 3),
('20132802061735', 54, '927', 1),
('20132802061814', 54, '808', 3),
('20132802061904', 54, '808', 2),
('20132802062020', 54, '808', 2),
('20132802062105', 54, '808', 2),
('20132802062151', 54, '808', 1),
('20132802062228', 54, '808', 1),
('20132802062311', 54, '808', 1),
('20132802062352', 54, '808', 1),
('20132802062434', 54, '808', 1),
('20132802062514', 54, '808', 1),
('20132802063444', 54, 'LT12113', 3);

-- --------------------------------------------------------

--
-- Table structure for table `bso_book`
--

CREATE TABLE IF NOT EXISTS `bso_book` (
  `ID_Book` varchar(7) COLLATE utf8_unicode_ci NOT NULL,
  `Na_Book` varchar(500) COLLATE utf8_unicode_ci NOT NULL,
  `De_Book` varchar(5000) COLLATE utf8_unicode_ci NOT NULL,
  `Va_Book` int(6) NOT NULL,
  `images` varchar(50) COLLATE utf8_unicode_ci NOT NULL,
  `ID_Ca` varchar(3) COLLATE utf8_unicode_ci NOT NULL,
  `time` timestamp NOT NULL DEFAULT '0000-00-00 00:00:00',
  `Status` varchar(1) COLLATE utf8_unicode_ci NOT NULL,
  PRIMARY KEY (`ID_Book`)
) ENGINE=InnoDB DEFAULT CHARSET=utf8 COLLATE=utf8_unicode_ci;

--
-- Dumping data for table `bso_book`
--

INSERT INTO `bso_book` (`ID_Book`, `Na_Book`, `De_Book`, `Va_Book`, `images`, `ID_Ca`, `time`, `Status`) VALUES
('420', 'à¸™à¸´à¸•à¸¢à¸ªà¸²à¸£ A day à¸‰à¸šà¸±à¸šà¸§à¸´à¸—à¸¢à¸²à¸¨à¸²à¸ªà¸•à¸£à¹Œ', 'à¸šà¸£à¸£à¸“à¸²à¸˜à¸´à¸à¸²à¸£ à¸—à¸£à¸‡à¸à¸¥à¸” à¸šà¸²à¸‡à¸¢à¸µà¹ˆà¸‚à¸±à¸™ à¸ˆà¸³à¸™à¸§à¸™ 204 à¸«à¸™à¹‰à¸²', 40, 'NST-M0001.gif', '11', '2013-02-14 17:00:00', ''),
('525', 'e-waste: à¸à¸²à¸£à¸£à¸µà¹„à¸‹à¹€à¸„à¸´à¸¥à¸‹à¸²à¸à¹à¸œà¹ˆà¸™à¸§à¸‡à¸ˆà¸£à¸­à¸´à¹€à¸¥à¹‡à¸à¸—à¸£à¸­à¸™à¸´à¸à¸ªà¹Œà¸”à¹‰à¸§à¸¢à¸§à¸´à¸˜à¸µà¸—à¸²à¸‡à¸à¸²à¸¢à¸ à¸²à¸ž', 'à¹à¸œà¹ˆà¸™à¸§à¸‡à¸ˆà¸£à¸­à¸´à¹€à¸¥à¹‡à¸à¸—à¸£à¸­à¸™à¸´à¸à¸ªà¹Œ à¸«à¸£à¸·à¸­à¸—à¸µà¹ˆà¹€à¸£à¸µà¸¢à¸à¸à¸±à¸™à¸ªà¸±à¹‰à¸™à¹† à¸§à¹ˆà¸² à¹à¸œà¹ˆà¸™à¸§à¸‡à¸ˆà¸£à¸žà¸´à¸¡à¸žà¹Œ à¹€à¸›à¹‡à¸™à¸Šà¸´à¹‰à¸™à¸ªà¹ˆà¸§à¸™à¸«à¸¥à¸±à¸à¹ƒà¸™à¸‚à¸¢à¸°à¸­à¸´à¹€à¸¥à¹‡à¸à¸—à¸£à¸­à¸™à¸´à¸à¸ªà¹Œ à¸›à¸£à¸°à¸à¸­à¸šà¸”à¹‰à¸§à¸¢à¸§à¸±à¸ªà¸”à¸¸à¸¡à¸µà¸„à¹ˆà¸²à¸—à¸µà¹ˆà¹€à¸›à¹‡à¸™à¹‚à¸¥à¸«à¸°à¹à¸¥à¸°à¸­à¹‚à¸¥à¸«à¸°à¸«à¸¥à¸²à¸¢à¸Šà¸™à¸´à¸”à¸—à¸µà¹ˆà¸ªà¸²à¸¡à¸²à¸£à¸–à¸™à¸³à¹„à¸›à¸£à¸µà¹„à¸‹à¹€à¸„à¸´à¸¥à¹„à¸”à¹‰       à¸«à¸™à¸±à¸‡à¸ªà¸·à¸­à¹€à¸¥à¹ˆà¸¡à¸™à¸µà¹‰à¸£à¸§à¸šà¸£à¸§à¸¡à¹€à¸—à¸„à¸™à¸´à¸„à¸à¸²à¸£à¸£à¸µà¹„à¸‹à¹€à¸„à¸´à¸¥à¹à¸œà¹ˆà¸™à¸§à¸‡à¸ˆà¸£à¸žà¸´à¸¡à¸žà¹Œà¸”à¹‰à¸§à¸¢à¸§à¸´à¸˜à¸µà¸—à¸²à¸‡à¸à¸²à¸¢à¸ à¸²à¸ž à¸‹à¸¶à¹ˆà¸‡à¹€à¸›à¹‡à¸™à¸§à¸´à¸˜à¸µà¸—à¸µà¹ˆà¸—à¸³à¹„à¸”à¹‰à¸‡à¹ˆà¸²à¸¢ à¹„à¸¡à¹ˆà¸¢à¸¸à¹ˆà¸‡à¸¢à¸²à¸à¸‹à¸±à¸šà¸‹à¹‰à¸­à¸™ à¹à¸¥à¸°à¸•à¸±à¸§à¸­à¸¢à¹ˆà¸²à¸‡à¸à¸²à¸£à¸›à¸£à¸°à¸¢à¸¸à¸à¸•à¹Œà¹ƒà¸Šà¹‰à¸‡à¸²à¸™à¹€à¸£à¸‹à¸´à¸™à¹ƒà¸¢à¹à¸à¹‰à¸§à¸—à¸µà¹ˆà¹€à¸«à¸¥à¸·à¸­à¸ˆà¸²à¸à¸à¸²à¸£à¸£à¸µà¹„à¸‹à¹€à¸„à¸´à¸¥à¸”à¹‰à¸§à¸¢à¸§à¸´à¸˜à¸µà¸—à¸²à¸‡ à¸à¸²à¸¢à¸ à¸²à¸ž à¸—à¸µà¹ˆà¹€à¸›à¹‡à¸™à¸›à¸£à¸°à¹‚à¸¢à¸Šà¸™à¹Œà¸•à¹ˆà¸­à¸œà¸¹à¹‰à¸›à¸£à¸°à¸à¸­à¸šà¸à¸²à¸£à¹à¸¥à¸°à¸œà¸¹à¹‰à¸—à¸µà¹ˆà¸ªà¸™à¹ƒà¸ˆà¸˜à¸¸à¸£à¸à¸´à¸ˆà¸”à¹‰à¸²à¸™à¸à¸²à¸£à¸£à¸µà¹„à¸‹à¹€à¸„à¸´à¸¥à¸‹à¸²à¸à¹à¸œà¹ˆà¸™ à¸§à¸‡à¸ˆà¸£à¸žà¸´à¸¡à¸žà¹Œ à¹ƒà¸«à¹‰à¸™à¸³à¹„à¸›à¸›à¸£à¸°à¸¢à¸¸à¸à¸•à¹Œà¹ƒà¸Šà¹‰à¹„à¸”à¹‰à¸­à¸¢à¹ˆà¸²à¸‡à¸¡à¸µà¸›à¸£à¸°à¸ªà¸´à¸—à¸˜à¸´à¸ à¸²à¸žà¹à¸¥à¸°à¹€à¸›à¹‡à¸™à¸¡à¸´à¸•à¸£à¸à¸±à¸šà¸ªà¸´à¹ˆà¸‡à¹à¸§à¸”à¸¥à¹‰à¸­à¸¡       à¸ªà¸³à¸«à¸£à¸±à¸šà¸„à¸§à¸²à¸¡à¸£à¸¹à¹‰à¹€à¸žà¸´à¹ˆà¸¡à¹€à¸•à¸´à¸¡à¹€à¸à¸µà¹ˆà¸¢à¸§à¸à¸±à¸šà¹€à¸—à¸„à¹‚à¸™à¹‚à¸¥à¸¢à¸µà¸à¸²à¸£à¸£à¸µà¹„à¸‹à¹€à¸„à¸´à¸¥à¸‹à¸²à¸à¹à¸œà¹ˆà¸™à¸§à¸‡à¸ˆà¸£à¸žà¸´à¸¡à¸žà¹Œ à¸”à¹‰à¸§à¸¢à¸§à¸´à¸˜à¸µà¸—à¸²à¸‡à¸„à¸§à¸²à¸¡à¸£à¹‰à¸­à¸™ à¸—à¸²à¸‡à¹€à¸„à¸¡à¸µ à¹à¸¥à¸°à¸—à¸²à¸‡à¸Šà¸µà¸§à¸ à¸²à¸ž à¸ªà¸²à¸¡à¸²à¸£à¸–à¸­à¹ˆà¸²à¸™à¹€à¸žà¸´à¹ˆà¸¡à¹€à¸•à¸´à¸¡à¹à¸¥à¸°à¸”à¸²à¸§à¸™à¹Œà¹‚à¸«à¸¥à¸” e-book à¹€à¸£à¸·à¹ˆà¸­à¸‡ "e-waste: à¹€à¸—à¸„à¹‚à¸™à¹‚à¸¥à¸¢à¸µà¸à¸²à¸£à¸ˆà¸±à¸”à¸à¸²à¸£à¸‹à¸²à¸à¹à¸œà¹ˆà¸™à¸§à¸‡à¸ˆà¸£à¸­à¸´à¹€à¸¥à¹‡à¸à¸—à¸£à¸­à¸™à¸´à¸à¸ªà¹Œ" à¹„à¸”à¹‰à¸—à¸µà¹ˆ http://www.nstda.or.th/cyberbookstore/download.html', 175, '402525.gif', '10', '2013-02-14 17:00:00', ''),
('667', 'à¸„à¸¹à¹ˆà¸¡à¸·à¸­à¸™à¹‰à¸³à¸«à¸¡à¸±à¸à¸Šà¸µà¸§à¸ à¸²à¸žà¹€à¸žà¸·à¹ˆà¸­à¸à¸²à¸£à¸šà¸£à¸´à¹‚à¸ à¸„', 'à¹€à¸™à¸·à¹‰à¸­à¸«à¸²à¸ à¸²à¸¢à¹ƒà¸™à¹€à¸¥à¹ˆà¸¡à¸›à¸£à¸°à¸à¸­à¸šà¸”à¹‰à¸§à¸¢      à¸•à¸­à¸™à¸—à¸µà¹ˆ 1 à¹„à¸‚à¸‚à¹‰à¸­à¸‚à¹‰à¸­à¸‡à¹ƒà¸ˆà¹€à¸à¸µà¹ˆà¸¢à¸§à¸à¸±à¸šà¸™à¹‰à¸³à¸«à¸¡à¸±à¸à¸Šà¸µà¸§à¸ à¸²à¸ž           - à¸™à¹‰à¸³à¸«à¸¡à¸±à¸à¸Šà¸µà¸§à¸ à¸²à¸žà¹€à¸žà¸·à¹ˆà¸­à¸à¸²à¸£à¸šà¸£à¸´à¹‚à¸ à¸„à¸«à¸¡à¸²à¸¢à¸–à¸¶à¸‡à¸­à¸°à¹„à¸£           - à¸­à¸°à¹„à¸£à¸—à¸³à¹ƒà¸«à¹‰à¹€à¸à¸´à¸”à¹€à¸›à¹‡à¸™à¸™à¹‰à¸³à¸«à¸¡à¸±à¸à¸Šà¸µà¸§à¸ à¸²à¸ž           - à¸™à¹‰à¸³à¸«à¸¡à¸±à¸à¸Šà¸µà¸§à¸ à¸²à¸žà¹à¸šà¹ˆà¸‡à¸­à¸­à¸à¹„à¸”à¹‰à¸à¸µà¹ˆà¸›à¸£à¸°à¹€à¸ à¸—           - à¸™à¹‰à¸³à¸«à¸¡à¸±à¸à¸Šà¸µà¸§à¸ à¸²à¸žà¹€à¸žà¸·à¹ˆà¸­à¸à¸²à¸£à¸šà¸£à¸´à¹‚à¸ à¸„à¸—à¸µà¹ˆà¸”à¸µà¸•à¹‰à¸­à¸‡à¸¡à¸µà¸„à¸¸à¸“à¸ªà¸¡à¸šà¸±à¸•à¸´à¸­à¸¢à¹ˆà¸²à¸‡à¹„à¸£           - à¸ˆà¸¸à¸¥à¸´à¸™à¸—à¸£à¸µà¸¢à¹Œà¸—à¸µà¹ˆà¸”à¸µ à¸„à¸·à¸­ à¸ˆà¸¸à¸¥à¸´à¸™à¸—à¸£à¸µà¸¢à¹Œà¹€à¸ªà¸£à¸´à¸¡à¸Šà¸µà¸§à¸™à¸° à¸«à¸£à¸·à¸­à¹‚à¸žà¸£à¹„à¸šà¹‚à¸­à¸•à¸´à¸ (probiotic) ', 65, '402667.gif', '10', '2013-02-14 17:00:00', 't'),
('765', '6557', '4567887656789876678987', 65, 'koawTubb.jpg', '10', '2013-02-20 01:56:31', ''),
('808', 'à¸™à¸²à¸™à¸²à¸ªà¸²à¸£à¸°à¹€à¸«à¹‡à¸”', 'à¸­à¸™à¸¸à¸à¸£à¸¡à¸§à¸´à¸˜à¸²à¸™à¸§à¸´à¸—à¸¢à¸² à¹€à¸›à¹‡à¸™à¹€à¸„à¸£à¸·à¹ˆà¸­à¸‡à¸¡à¸·à¸­à¸ªà¸³à¸„à¸±à¸à¹ƒà¹ƒà¸™à¸à¸²à¸£à¸¨à¸¶à¸à¸©à¸²à¸„à¸§à¸²à¸¡à¸«à¸¥à¸²à¸à¸«à¸¥à¸²à¸¢à¸‚à¸­à¸‡à¸Šà¸µà¸§à¸´à¸™à¸—à¸£à¸µà¸¢à¹Œ à¹€à¸›à¹‡à¸™à¸¨à¸²à¸ªà¸•à¸£à¹Œà¹à¸«à¹ˆà¸‡à¸à¸Žà¹€à¸à¸“à¸‘à¹Œà¸à¸²à¸£à¸¥à¸³à¸”à¸±à¸šà¸‚à¸±à¹‰à¸™ à¸—à¸³à¹ƒà¸«à¹‰à¸ªà¸²à¸¡à¸²à¸£à¸–à¸šà¸±à¸™à¸—à¸¶à¸à¸‚à¹‰à¸­à¸¡à¸¹à¸¥à¹€à¸à¸µà¹ˆà¸¢à¸§à¸à¸±à¸šà¸Šà¸µà¸§à¸´à¸™à¸—à¸£à¸µà¸¢à¹Œà¹„à¸”à¹‰à¸­à¸¢à¹ˆà¸²à¸‡à¸à¸£à¸°à¸Šà¸±à¸šà¹à¸¥à¸°à¹€à¸›à¹‡à¸™à¸£à¸°à¸šà¸š à¸—à¸±à¹‰à¸‡à¸™à¸µà¹‰ à¸‡à¸²à¸™à¸­à¸™à¸¸à¸à¸£à¸¡à¸§à¸´à¸˜à¸²à¸™à¸§à¸´à¸—à¸¢à¸² à¸•à¹‰à¸­à¸‡à¸™à¸³à¹€à¸­à¸²à¸§à¸´à¸—à¸¢à¸²à¸à¸²à¸£à¸ªà¸²à¸‚à¸²à¸•à¹ˆà¸²à¸‡à¹† à¹€à¸‚à¹‰à¸²à¸¡à¸²à¸›à¸£à¸°à¸à¸­à¸š à¹€à¸Šà¹ˆà¸™ à¸ à¸¹à¸¡à¸´à¸¨à¸²à¸ªà¸•à¸£à¹Œ à¸™à¸´à¹€à¸§à¸¨à¸§à¸´à¸—à¸¢à¸² à¸ªà¸±à¸“à¸à¸²à¸™à¸§à¸´à¸—à¸¢à¸² à¸à¸²à¸¢à¸§à¸´à¸ à¸²à¸„à¸§à¸´à¸—à¸¢à¸² à¸ªà¸£à¸µà¸£à¸¨à¸²à¸ªà¸•à¸£à¹Œ à¸žà¸±à¸™à¸˜à¸¸à¸¨à¸²à¸ªà¸•à¸£à¹Œ à¸Šà¸µà¸§à¸žà¸¤à¸•à¸´à¸à¸£à¸£à¸¡ à¸Šà¸µà¸§à¹€à¸„à¸¡à¸µ à¸Šà¸µà¸§à¸§à¸´ï¿½ï¿½', 50, '402808.gif', '10', '2013-02-14 17:00:00', 't'),
('893', 'à¸ˆà¸¸à¸¥à¸ªà¸²à¸£ à¸›à¸µà¸—à¸µà¹ˆ 5 à¸‰à¸šà¸±à¸šà¸—à¸µà¹ˆ 3 à¹€à¸•à¸£à¸µà¸¢à¸¡à¸žà¸£à¹‰à¸­à¸¡à¸£à¸±à¸šà¸¡à¸·à¸­à¹‚à¸£à¸„à¸­à¸¸à¸šà¸±à¸•à¸´à¹ƒà¸«à¸¡à¹ˆ/à¸­à¸¸à¸šà¸±à¸•à¸´à¸‹à¹‰à¸³ à¹à¸¥à¸°à¸ à¸±à¸¢à¸žà¸´à¸šà¸±à¸•à¸´à¸—à¸²à¸‡à¸˜à¸£à¸£à¸¡à¸Šà¸²à¸•à¸´', '', 50, 'TMC-M0025.gif', '10', '2013-02-14 17:00:00', ''),
('927', 'à¹€à¸„à¸£à¸·à¹ˆà¸­à¸‡à¸šà¸´à¸™à¸à¸£à¸°à¸”à¸²à¸©à¸žà¸±à¸š', 'à¸«à¸™à¸±à¸‡à¸ªà¸·à¸­', 40, 'MTE-D0013.gif', '6', '2013-02-14 19:17:30', ''),
('LT12113', 'à¸™à¸´à¸¡à¸´à¸•à¸¡à¸™à¸•à¸£à¸² 3 à¸„à¸§à¸²à¸¡à¸¥à¸±à¸šà¸ªà¸µà¹€à¸‡à¸´à¸™ / à¸¥à¸­à¸£à¸µà¹ˆ à¸Ÿà¸²à¹€à¸£à¸µà¸¢ à¸ªà¹‚à¸•à¸¥à¸²à¸£à¹Œà¸‹ à¹€à¸‚à¸µà¸¢à¸™; à¸ˆà¸´à¸•à¸•à¹Œà¸ªà¸¸à¸ à¸² à¸‰à¸´à¸™', 'à¸ˆà¸°à¹€à¸à¸´à¸”à¸­à¸°à¹„à¸£à¸‚à¸¶à¹‰à¸™à¸–à¹‰à¸²à¸—à¸¸à¸à¸„à¸£à¸±à¹‰à¸‡à¹ƒà¸™à¸¢à¸²à¸¡à¸«à¸¥à¸±à¸šà¹ƒà¸«à¸¥ à¸„à¸¸à¸“à¸à¸±à¸™à¹€à¸«à¹‡à¸™à¸šà¸²à¸‡à¸ªà¸´à¹ˆà¸‡à¸šà¸²à¸‡à¸­à¸¢à¹ˆà¸²à¸‡à¸—à¸µà¹ˆà¸„à¸¸à¸“à¹„à¸¡à¹ˆà¸›à¸£à¸²à¸£à¸–à¸™à¸²...à¸ªà¸­à¸‡à¸›à¸µà¸•à¹ˆà¸­à¸¡à¸² à¸£à¸°à¸«à¸§à¹ˆà¸²à¸‡à¸—à¸µà¹ˆà¸ªà¹€à¸•à¸‹à¸µà¹ˆà¸à¸±à¸šà¹€à¸žà¸·à¹ˆà¸­à¸™à¹†à¹„à¸›à¸žà¸±à¸à¸œà¹ˆà¸­à¸™à¸—à¸µà¹ˆà¸Šà¸²à¸¢à¸—à¸°à¹€à¸¥à¹ƒà¸™à¸Šà¹ˆà¸§à¸‡à¸¤à¸”à¸¹à¸£à¹‰à¸­à¸™ à¸à¹ˆà¸­à¸™à¸—à¸µà¹ˆà¸—à¸±à¹‰à¸‡à¸«à¸¡à¸”à¸ˆà¸°à¸•à¹‰à¸­à¸‡à¹à¸¢à¸à¸¢à¹‰à¸²à¸¢à¸à¸±à¸™à¹„à¸›à¹€à¸£à¸µà¸¢à¸™à¸¡à¸«à¸²à¸§à¸´à¸—à¸¢à¸²à¸¥à¸±à¸¢ à¸à¸±à¸™à¸£à¹‰à¸²à¸¢à¸à¹‡à¸«à¸§à¸™à¸à¸¥à¸±à¸šà¸¡à¸²à¸«à¸²à¸ªà¹€à¸•à¸‹à¸µà¹ˆà¸­à¸µà¸à¸«à¸™ à¸—à¸³à¹ƒà¸«à¹‰à¸šà¸£à¸£à¸¢à¸²à¸à¸²à¸¨à¸‚à¸­à¸‡à¸„à¸§à¸²à¸¡à¸ªà¸™à¸¸à¸à¸ªà¸™à¸²à¸™à¸œà¹ˆà¸­à¸™à¸„à¸¥à¸²à¸¢à¸à¸¥à¸±à¸šà¸à¸¥à¸²à¸¢à¹€à¸›à¹‡à¸™à¸„à¸§à¸²à¸¡à¸•à¸¶à¸‡à¹€à¸„à¸£à¸µà¸¢à¸” à¸„à¸£à¸²à¸§à¸™à¸µà¹‰à¹€à¸˜à¸­à¸à¸±à¸™à¹€à¸«à¹‡à¸™à¸ªà¸²à¸§à¸™à¹‰à¸­à¸¢à¸—à¸µà¹ˆà¹€à¸žà¸´à¹ˆà¸‡à¸£à¸¹à¹‰à¸ˆà¸±à¸à¸à¸±à¸™à¸•à¸­à¸™à¸¡à¸²à¸žà¸±à¸à¸œà¹ˆà¸­à¸™à¸„à¸£à¸±à¹‰à¸‡à¸™à¸µà¹‰à¹€à¸ªà¸µà¸¢à¸Šà¸µà¸§à¸´à¸•à¸­à¸¢à¹ˆà¸²à¸‡à¸™à¹ˆà¸²à¸à¸¥à¸±à¸§ à¹à¸¡à¹‰à¸ˆà¸°à¹„à¸¡à¹ˆà¹ƒà¸Šà¹ˆà¸à¸±à¸™à¸£à¹‰à¸²à¸¢à¸—à¸µà¹ˆà¹€à¸à¸µà¹ˆà¸¢à¸§à¸‚à¹‰à¸­à¸‡à¸à¸±à¸šà¹€à¸žà¸·à¹ˆà¸­à¸™à¹† à¹à¸•à¹ˆà¹€à¸˜à¸­à¸à¹‡à¹„à¸¡à¹ˆà¸­à¸²à¸ˆà¸™à¸´à¹ˆà¸‡à¸”à¸¹à¸”à¸²à¸¢à¹„à¸”à¹‰ à¸—à¸µà¹ˆà¸ªà¸³à¸„à¸±à¸à¸à¸±à¸™à¸£à¹‰à¸²à¸¢à¸„à¸£à¸±à¹‰à¸‡à¸™à¸µà¹‰à¸¡à¸±à¸™à¸¡à¸²à¸žà¸£à¹‰à¸­à¸¡à¸à¸±à¸šà¸„à¸§à¸²à¸¡à¸¥à¸±à¸šà¸šà¸²à¸‡à¸­à¸¢à¹ˆà¸²à¸‡ à¸„à¸§à¸²à¸¡à¸¥à¸±à¸šà¸—à¸µà¹ˆà¸­à¸¢à¸¹à¹ˆà¹€à¸«à¸™à¸·à¸­à¸„à¸§à¸²à¸¡à¸„à¸²à¸”à¸«à¸¡à¸²à¸¢ à¸­à¸¢à¸¹à¹ˆà¹€à¸«à¸™à¸·à¸­à¸„à¸§à¸²à¸¡à¸à¸±à¸™ à¹à¸¥à¸°à¸™à¸³à¸¡à¸²à¸‹à¸¶à¹ˆà¸‡à¹‚à¸¨à¸à¸™à¸²à¸à¸à¸£à¸£à¸¡...', 150, 'LT1211301.jpg', '8', '2013-02-14 17:00:00', ''),
('LT13010', 'à¸¡à¸™à¸•à¸£à¹Œà¸£à¸±à¸à¹ƒà¸™à¸¥à¸¡à¸£à¹‰à¸­à¸™', 'à¹ƒà¸™à¸¢à¸²à¸¡à¸—à¸µà¹ˆà¸­à¸²à¸à¸²à¸¨à¸£à¹‰à¸­à¸™à¸­à¸šà¸­à¹‰à¸²à¸§à¸›à¸à¸„à¸¥à¸¸à¸¡à¸—à¸¸à¸à¸­à¸“à¸¹à¸‚à¸­à¸‡à¸­à¸´à¸™à¹‚à¸™à¹€à¸‹à¸™à¸ªà¹Œ  à¸¡à¸´à¸ªà¸‹à¸´à¸ªà¸‹à¸´à¸›à¸›à¸µ ''à¹à¸„à¹‚à¸£à¹„à¸¥à¸™à¹Œ à¹€à¸§à¹€à¸§à¸­à¸£à¹Œà¸¥à¸µ'' à¸™à¸±à¸à¸”à¸™à¸•à¸£à¸µà¸Šà¸·à¹ˆà¸­à¸à¹‰à¸­à¸‡ à¸«à¸­à¸šà¹€à¸­à¸²à¸«à¸±à¸§à¹ƒà¸ˆà¹à¸¥à¸°à¸£à¹ˆà¸²à¸‡à¸à¸²à¸¢à¸—à¸µà¹ˆà¸­à¹ˆà¸­à¸™à¸¥à¹‰à¸² à¸à¸¥à¸±à¸šà¸ªà¸¹à¹ˆà¸šà¹‰à¸²à¸™à¹€à¸à¸´à¸”à¸‚à¸­à¸‡à¸•à¸²à¸¢à¸²à¸¢ à¸«à¸§à¸±à¸‡à¹€à¸žà¸µà¸¢à¸‡à¸ˆà¸°à¹„à¸”à¹‰à¹ƒà¸Šà¹‰à¸Šà¸µà¸§à¸´à¸•à¸­à¸¢à¹ˆà¸²à¸‡à¸ªà¸‡à¸šà¸ªà¸±à¸à¸Šà¸±à¹ˆà¸§à¸£à¸°à¸¢à¸°à¹€à¸§à¸¥à¸²à¸«à¸™à¸¶à¹ˆà¸‡ à¸à¹ˆà¸­à¸™à¸—à¸µà¹ˆà¸ˆà¸°à¸•à¹‰à¸­à¸‡à¸à¸¥à¸±à¸šà¹„à¸›à¹€à¸œà¸Šà¸´à¸à¸à¸±à¸šà¸Šà¸²à¸¢à¸—à¸µà¹ˆà¸—à¸³à¸¥à¸²à¸¢à¸„à¸§à¸²à¸¡à¸£à¸±à¸à¸‚à¸­à¸‡à¹€à¸˜à¸­à¸ˆà¸™à¸¢à¸±à¸šà¹€à¸¢à¸´à¸™ à¹à¸¥à¸°à¸¡à¸²à¸£à¸”à¸²à¸œà¸¹à¹‰à¸„à¸²à¸”à¸«à¸§à¸±à¸‡à¹ƒà¸«à¹‰à¹€à¸˜à¸­à¹€à¸›à¹‡à¸™à¸à¸¸à¸¥à¸ªà¸•à¸£à¸µà¸—à¸µà¹ˆà¸‡à¸²à¸¡à¸žà¸£à¹‰à¸­à¸¡ à¸ªà¸´à¹ˆà¸‡à¸—à¸µà¹ˆà¸£à¸­à¸•à¹‰à¸­à¸™à¸£à¸±à¸šà¹€à¸˜à¸­à¸„à¸·à¸­à¸Šà¸²à¸¢à¸«à¸™à¸¸à¹ˆà¸¡à¹à¸ªà¸™à¸à¸§à¸™à¹€à¸ˆà¹‰à¸²à¸‚à¸­à¸‡à¸™à¸±à¸¢à¸™à¹Œà¸•à¸²à¸ªà¸µà¸—à¸­à¸‡à¹à¸¥à¸°à¸—à¹ˆà¸²à¸—à¸²à¸‡à¹€à¸à¸µà¸¢à¸ˆà¸„à¸£à¹‰à¸²à¸™ ''à¸—à¸±à¸„à¹€à¸à¸­à¸£à¹Œ à¸¥à¸­à¸‡à¸ªà¸•à¸£à¸µà¸—'' à¸•à¸±à¹‰à¸‡à¹à¸•à¹ˆà¹à¸£à¸à¸žà¸š à¹à¸„à¹‚à¸£à¹„à¸¥à¸™à¹Œà¸à¹‡à¸•à¸£à¸²à¸«à¸™à¹‰à¸²à¹€à¸‚à¸² à¸§à¹ˆà¸²à¹€à¸›à¹‡à¸™à¸„à¸™à¹€à¸ˆà¹‰à¸²à¸Šà¸¹à¹‰à¹„à¸§à¹‰à¹ƒà¸ˆà¹„à¸¡à¹ˆà¹„à¸”à¹‰ à¹à¸šà¸šà¹€à¸”à¸µà¸¢à¸§à¸à¸±à¸šà¸­à¸”à¸µà¸•à¸„à¸™à¸£à¸±à¸à¸‚à¸­à¸‡à¹€à¸˜à¸­ à¹à¸¥à¸°à¸ªà¸±à¸à¸à¸²à¸à¸±à¸šà¸•à¸±à¸§à¹€à¸­à¸‡à¸§à¹ˆà¸²à¸ˆà¸°à¹„à¸¡à¹ˆà¸¢à¸­à¸¡à¹€à¸œà¸¥à¸­à¹ƒà¸ˆà¹„à¸›à¸à¸±à¸šà¹€à¸ªà¸™à¹ˆà¸«à¹Œà¹à¸šà¸šà¸„à¸™à¹ƒà¸•à¹‰à¸‚à¸­à¸‡à¹€à¸‚à¸²à¹€à¸”à¹‡à¸”à¸‚à¸²à¸” à¹„à¸¡à¹ˆà¸§à¹ˆà¸²à¹€à¸‚à¸²à¸ˆà¸°à¸žà¸¢à¸²à¸¢à¸²à¸¡à¸•à¸²à¸¡à¸•à¸­à¹à¸¢à¹€à¸˜à¸­à¹€à¸žà¸µà¸¢à¸‡à¹„à¸£ à¸ˆà¸™à¸à¸£à¸°à¸—à¸±à¹ˆà¸‡à¹€à¸˜à¸­à¹„à¸”à¹‰à¸£à¸¹à¹‰à¸§à¹ˆà¸²à¹€à¸‚à¸²à¸•à¸à¹€à¸›à¹‡à¸™à¸œà¸¹à¹‰à¸•à¹‰à¸­à¸‡à¸ªà¸‡à¸ªà¸±à¸¢à¹ƒà¸™à¸„à¸”à¸µà¸†à¸²à¸•à¸à¸£à¸£à¸¡à¸•à¹ˆà¸­à¹€à¸™à¸·à¹ˆà¸­à¸‡ à¹à¸¥à¸°à¸­à¸²à¸ˆà¹€à¸›à¹‡à¸™à¹€à¸˜à¸­à¸™à¸µà¹ˆà¹€à¸­à¸‡à¸—à¸µà¹ˆà¹‚à¸¢à¸™à¸‚à¹‰à¸­à¸«à¸²à¸†à¸²à¸•à¸à¸£à¸£à¸¡à¹„à¸›à¹ƒà¸ªà¹ˆà¸•à¸±à¸à¹€à¸‚à¸²à¹‚à¸”à¸¢à¹„à¸¡à¹ˆà¸£à¸¹à¹‰à¸•à¸±à¸§ à¸ˆà¸²à¸à¸„à¸§à¸²à¸¡à¸£à¸¹à¹‰à¸ªà¸¶à¸à¸œà¸´à¸”à¹€à¸¥à¹‡à¸à¹† à¸™à¸±à¹‰à¸™à¹€à¸£à¸´à¹ˆà¸¡à¹à¸›à¸£à¹€à¸›à¸¥à¸µà¹ˆà¸¢à¸™à¹€à¸›à¹‡à¸™à¸„à¸§à¸²à¸¡à¸£à¸¹à¹‰à¸ªà¸¶à¸à¸­à¸·à¹ˆà¸™à¸—à¸µà¹ˆà¹€à¸˜à¸­à¸—à¸±à¹‰à¸‡à¸«à¸§à¸²à¸”à¸à¸¥à¸±à¸§à¹à¸¥à¸°à¸„à¸¸à¹‰à¸™à¹€à¸„à¸¢  à¸£à¸°à¸«à¸§à¹ˆà¸²à¸‡à¸—à¸µà¹ˆà¸„à¸§à¸²à¸¡à¸£à¸±à¸à¸œà¸¥à¸´à¸šà¸²à¸™à¹à¸¥à¸°à¸¤à¸”à¸¹à¸£à¹‰à¸­à¸™à¸„à¸·à¸šà¸„à¸¥à¸²à¸™à¸ˆà¸²à¸à¹„à¸› à¸à¸¥à¸´à¹ˆà¸™à¸„à¸²à¸§à¹€à¸¥à¸·à¸­à¸”à¸¢à¸±à¸‡à¸„à¸‡à¸„à¸¥à¸°à¸„à¸¥à¸¸à¹‰à¸‡à¸­à¸¢à¸¹à¹ˆ à¸“ à¸”à¸´à¸™à¹à¸”à¸™à¸›à¸²à¸à¹à¸¡à¹ˆà¸™à¹‰à¸³à¹à¸«à¹ˆà¸‡à¸™à¸µà¹‰ à¸£à¸­à¸„à¸­à¸¢à¹€à¸«à¸¢à¸·à¹ˆà¸­à¸£à¸²à¸¢à¸•à¹ˆà¸­à¹„à¸› à¸—à¸§à¹ˆà¸²...à¹à¸¡à¹‰à¸à¸²à¸£à¸­à¸¢à¸¹à¹ˆà¸—à¸µà¹ˆà¸™à¸µà¹ˆà¸•à¹ˆà¸­à¹„à¸›à¸­à¸²à¸ˆà¹€à¸›à¹‡à¸™à¸­à¸±à¸™à¸•à¸£à¸²à¸¢à¸•à¹ˆà¸­à¸Šà¸µà¸§à¸´à¸•à¹€à¸˜à¸­à¹€à¸­à¸‡ à¹à¸•à¹ˆà¸„à¸§à¸²à¸¡à¸œà¸¹à¸à¸žà¸±à¸™à¸à¸±à¸šà¹€à¸«à¸¥à¹ˆà¸²à¸ªà¸¡à¸²à¸Šà¸´à¸à¸—à¸µà¹ˆà¸™à¹ˆà¸²à¸£à¸±à¸à¸‚à¸­à¸‡à¹€à¸¡à¸·à¸­à¸‡à¹€à¸¥à¹‡à¸à¹† à¸™à¸µà¹‰à¸—à¸³à¹ƒà¸«à¹‰à¹à¸„à¹‚à¸£à¹„à¸¥à¸™à¹Œà¸Šà¸±à¸à¸«à¸§à¸±à¹ˆà¸™à¹ƒà¸ˆà¸§à¹ˆà¸²à¸•à¸™à¹€à¸­à¸‡à¸­à¸²à¸ˆà¹„à¸¡à¹ˆà¸­à¸¢à¸²à¸à¸ˆà¸²à¸à¹„à¸›', 259, 'LT1301061.jpg', '8', '2013-02-14 17:00:00', ''),
('PY12120', 'à¹€à¸”à¸­à¸° à¹€à¸¡à¸ˆà¸´à¸ (The Secret) / à¸£à¸­à¸™à¸”à¸² à¹€à¸šà¸´à¸£à¹Œà¸™', 'à¸à¸§à¹ˆà¸²à¸¢à¸µà¹ˆà¸ªà¸´à¸šà¸¨à¸•à¸§à¸£à¸£à¸©à¸—à¸µà¹ˆà¸™à¸±à¸à¸§à¸´à¸—à¸¢à¸²à¸¨à¸²à¸ªà¸•à¸£à¹Œ à¸™à¸±à¸à¸›à¸£à¸±à¸Šà¸à¸² à¸™à¸±à¸à¸›à¸£à¸°à¸”à¸´à¸©à¸à¹Œ à¸œà¸¹à¹‰à¸„à¹‰à¸™à¸žà¸š à¹à¸¥à¸°à¸¨à¸²à¸ªà¸”à¸²à¸žà¸¢à¸²à¸à¸£à¸“à¹Œ à¸œà¸¹à¹‰à¹„à¸”à¹‰à¸›à¸à¸´à¸šà¸±à¸•à¸´à¸à¸²à¸£à¸ªà¸³à¸™à¸¶à¸à¸£à¸¹à¹‰à¸„à¸¸à¸“ à¸•à¹ˆà¸²à¸‡à¹„à¸”à¹‰à¸£à¸±à¸šà¸œà¸¥à¸•à¸­à¸šà¹à¸—à¸™ à¹à¸¥à¸°à¸ªà¹ˆà¸§à¸™à¹ƒà¸«à¸à¹ˆà¸•à¹ˆà¸²à¸‡à¸£à¸±à¸šà¸£à¸¹à¹‰à¹ƒà¸™à¸žà¸¥à¸±à¸‡à¸—à¸µà¹ˆà¸¡à¸µà¸­à¸¢à¸¹à¹ˆà¹€à¸›à¹‡à¸™à¸›à¸à¸•à¸´à¸§à¸´à¸ªà¸±à¸¢à¸‚à¸­à¸‡à¸à¸²à¸£à¸ªà¸³à¸™à¸¶à¸à¸£à¸¹à¹‰à¸„à¸¸à¸“à¸™à¸±à¹‰à¸™ à¸«à¸²à¸à¸„à¸™à¸ªà¹ˆà¸§à¸™à¹ƒà¸«à¸à¹ˆà¹ƒà¸™à¸—à¸¸à¸à¸§à¸±à¸™à¸™à¸µà¹‰à¸à¸¥à¸±à¸šà¸¢à¸±à¸‡à¹„à¸¡à¹ˆà¸£à¸¹à¹‰à¸ˆà¸±à¸à¸žà¸¥à¸±à¸‡à¸‚à¸­à¸‡à¸à¸²à¸£à¸ªà¸³à¸™à¸¶à¸à¸£à¸¹à¹‰à¸„à¸¸à¸“ à¹€à¸žà¸£à¸²à¸°à¸à¸²à¸£à¸›à¸£à¸°à¸ªà¸šà¸à¸±à¸šà¸„à¸§à¸²à¸¡à¸¡à¸«à¸±à¸¨à¸ˆà¸£à¸£à¸¢à¹Œà¸‚à¸­à¸‡à¸à¸²à¸£à¸ªà¸³à¸™à¸¶à¸à¸£à¸¹à¹‰à¸„à¸¸à¸“à¹ƒà¸™à¸Šà¸µà¸§à¸´à¸•à¸„à¸¸à¸“à¹„à¸”à¹‰ à¸à¹‡à¹‚à¸”à¸¢à¸à¸²à¸£à¸›à¸à¸´à¸šà¸±à¸•à¸´à¸à¹ˆà¸­à¸™à¹€à¸—à¹ˆà¸²à¸™à¸±à¹‰à¸™! \r\n\r\nà¹ƒà¸™ "à¹€à¸”à¸­à¸°à¹€à¸¡à¸ˆà¸´à¸" à¸£à¸­à¸™à¸”à¸² à¹€à¸šà¸´à¸£à¹Œà¸™à¹„à¸”à¹‰à¹€à¸œà¸¢ à¸¡à¸«à¸±à¸¨à¸ˆà¸£à¸£à¸¢à¹Œ 28 à¸§à¸±à¸™ à¸‹à¸¶à¹ˆà¸‡à¹„à¸”à¹‰à¸£à¸±à¸šà¸à¸²à¸£à¸­à¸­à¸à¹à¸šà¸šà¹„à¸§à¹‰à¹€à¸›à¹‡à¸™à¸žà¸´à¹€à¸¨à¸© à¹€à¸žà¸·à¹ˆà¸­à¹ƒà¸«à¹‰à¸„à¸¸à¸“à¹€à¸£à¸µà¸¢à¸™à¸£à¸¹à¹‰à¸§à¸´à¸˜à¸µà¸à¸²à¸£à¹ƒà¸Šà¹‰à¸žà¸¥à¸±à¸‡à¸¡à¸«à¸±à¸¨à¸ˆà¸£à¸£à¸¢à¹Œà¸‚à¸­à¸‡à¸à¸²à¸£à¸ªà¸³à¸™à¸¶à¸à¸£à¸¹à¹‰à¸„à¸¸à¸“à¸—à¸±à¹‰à¸‡à¹ƒà¸™à¸”à¹‰à¸²à¸™à¸ªà¸¸à¸‚à¸ à¸²à¸ž à¹€à¸‡à¸´à¸™à¸—à¸­à¸‡ à¸à¸²à¸£à¸‡à¸²à¸™ à¹à¸¥à¸°à¸„à¸§à¸²à¸¡à¸ªà¸±à¸¡à¸žà¸±à¸™à¸˜à¹Œ à¸£à¸§à¸¡à¸—à¸±à¹‰à¸‡à¸à¸²à¸£à¸—à¸³à¹ƒà¸«à¹‰à¸„à¸§à¸²à¸¡à¸›à¸£à¸²à¸£à¸–à¸™à¸²à¹€à¸›à¹‡à¸™à¸ˆà¸£à¸´à¸‡à¹„à¸”à¹‰à¹à¸¥à¹‰à¸§ à¸„à¸¸à¸“à¸ˆà¸°à¸žà¸šà¸§à¹ˆà¸²à¸™à¸µà¹ˆà¹€à¸›à¹‡à¸™à¸à¸²à¸£à¸à¸¶à¸à¸à¸™à¸—à¸µà¹ˆà¹€à¸¥à¹‡à¸à¸™à¹‰à¸­à¸¢à¹€à¸žà¸µà¸¢à¸‡à¹ƒà¸” à¸à¸²à¸£à¸™à¸³à¸à¸²à¸£à¸ªà¸³à¸™à¸¶à¸à¸£à¸¹à¹‰à¸„à¸¸à¸“à¹€à¸‚à¹‰à¸²à¹„à¸›à¸£à¸§à¸¡à¸­à¸¢à¸¹à¹ˆà¹ƒà¸™à¸Šà¸µà¸§à¸´à¸•à¸›à¸£à¸°à¸ˆà¸³à¸§à¸±à¸™à¸‚à¸­à¸‡à¸„à¸¸à¸“à¸™à¸±à¹‰à¸™à¹à¸ªà¸™à¸‡à¹ˆà¸²à¸¢à¸”à¸²à¸¢à¹€à¸žà¸µà¸¢à¸‡à¹ƒà¸” à¹à¸¥à¸°à¹€à¸¡à¸·à¹ˆà¸­à¸„à¸¸à¸“à¹„à¸”à¹‰à¹€à¸«à¹‡à¸™à¸œà¸¥à¸¥à¸±à¸žà¸˜à¹Œà¸­à¸±à¸™à¸¡à¸«à¸±à¸¨à¸ˆà¸£à¸£à¸¢à¹Œà¸—à¸µà¹ˆà¹€à¸à¸´à¸”à¸à¸±à¸šà¸•à¸±à¸§à¸„à¸¸à¸“à¹à¸¥à¹‰à¸§ à¸„à¸¸à¸“à¸ˆà¸°à¹„à¸¡à¹ˆà¸¡à¸µà¸§à¸±à¸™à¸­à¸¢à¸²à¸à¸à¸¥à¸±à¸šà¹„à¸›à¸ªà¸¹à¹ˆà¸Šà¸µà¸§à¸´à¸•à¸—à¸µà¹ˆà¹€à¸„à¸¢à¹€à¸›à¹‡à¸™à¸¡à¸²à¸­à¸µà¸à¹€à¸¥à¸¢ à¹€à¸žà¸·à¹ˆà¸­à¹ƒà¸«à¹‰à¸¡à¸µà¸Šà¸µà¸§à¸´à¸•à¸­à¸±à¸™à¸¡à¸«à¸±à¸¨à¸ˆà¸£à¸£à¸¢à¹Œà¸—à¸µà¹ˆà¸ªà¸¡à¸šà¸¹à¸£à¸“à¹Œà¸žà¸¹à¸™à¸ªà¸¸à¸‚à¹à¸¥à¸°à¸¡à¸µà¸„à¸§à¸²à¸¡à¸ªà¸¸à¸‚à¹€à¸•à¹‡à¸¡à¸—à¸µà¹ˆ à¸„à¸³à¸•à¸­à¸šà¸­à¸¢à¸¹à¹ˆà¸—à¸µà¹ˆà¸£à¸´à¸¡à¸à¸µà¸›à¸²à¸à¸„à¸¸à¸“ à¸­à¸¢à¸¹à¹ˆà¸ à¸²à¸¢à¹ƒà¸™à¹ƒà¸ˆà¸„à¸¸à¸“ à¸žà¸£à¹‰à¸­à¸¡à¹à¸¥à¸°à¸£à¸­à¸„à¸­à¸¢à¹ƒà¸«à¹‰à¸„à¸¸à¸“à¸ªà¸£à¹‰à¸²à¸‡à¸ªà¸£à¸£à¸„à¹Œà¸„à¸§à¸²à¸¡à¸¡à¸«à¸±à¸¨à¸ˆà¸£à¸£à¸¢à¹Œ!', 132, 'PY1212080.jpg', '8', '2013-02-14 17:00:00', ''),
('TH12090', 'à¸£à¸­à¸¢à¸¡à¸¥à¸—à¸´à¸™à¸¡à¸²à¹€à¸Ÿà¸µà¸¢ / à¸˜à¸±à¸à¸§à¸¥à¸±à¸¢', 'à¹€à¸¡à¸·à¹ˆà¸­à¹„à¸¡à¹ˆà¸ªà¸²à¸¡à¸²à¸£à¸–à¸—à¸³à¸•à¸²à¸¡à¸—à¸µà¹ˆà¸¡à¸²à¸£à¸”à¸²à¸‚à¸­à¸£à¹‰à¸­à¸‡à¹ƒà¸«à¹‰à¹€à¸‚à¸²à¸¢à¸à¹€à¸¥à¸´à¸à¸à¸´à¸ˆà¸à¸²à¸£à¸—à¸±à¹‰à¸‡à¸«à¸¡à¸”à¸‚à¸­à¸‡à¸•à¸±à¸§à¹€à¸­à¸‡ à¹à¸¥à¸°à¹€à¸‚à¹‰à¸²à¸žà¸´à¸˜à¸µà¹à¸•à¹ˆà¸‡à¸‡à¸²à¸™à¸à¸±à¸šà¸œà¸¹à¹‰à¸«à¸à¸´à¸‡à¸—à¸µà¹ˆà¸„à¸±à¸”à¸ªà¸£à¸£à¹„à¸§à¹‰à¹„à¸”à¹‰ "à¹€à¸„à¸¥à¸±à¸™ à¹€à¸šà¸­à¸£à¹Œà¸™à¸²à¸£à¹Œà¸”" à¸¡à¸²à¹€à¸Ÿà¸µà¸¢à¸«à¸™à¸¸à¹ˆà¸¡à¹€à¸¥à¸·à¸­à¸”à¸œà¸ªà¸¡à¸­à¸±à¸‡à¸à¸¤à¸©-à¹„à¸—à¸¢ à¹€à¸ˆà¹‰à¸²à¸‚à¸­à¸‡à¸à¸²à¸ªà¸´à¹‚à¸™à¹à¸«à¹ˆà¸‡à¹ƒà¸«à¸à¹ˆà¸—à¸µà¹ˆà¸¡à¸µà¸ªà¸²à¸‚à¸²à¸­à¸¢à¸¹à¹ˆà¸—à¸±à¹ˆà¸§à¹‚à¸¥à¸à¸ˆà¸¶à¸‡à¹€à¸”à¸´à¸™à¸—à¸²à¸‡à¸à¸¥à¸±à¸šà¸›à¸£à¸°à¹€à¸—à¸¨à¹„à¸—à¸¢à¹€à¸žà¸·à¹ˆà¸­à¸—à¸³à¸•à¸²à¸¡à¹€à¸‡à¸·à¹ˆà¸­à¸™à¹„à¸‚à¸­à¸µà¸à¸‚à¹‰à¸­à¹à¸—à¸™ à¸™à¸±à¹ˆà¸™à¸à¹‡à¸„à¸·à¸­à¸à¸²à¸£à¸œà¸¥à¸´à¸•à¸—à¸²à¸¢à¸²à¸—à¹ƒà¸«à¹‰à¸œà¸¹à¹‰à¹€à¸›à¹‡à¸™à¹à¸¡à¹ˆà¹„à¸”à¹‰à¹€à¸Šà¸¢à¸Šà¸¡ à¹€à¸žà¸µà¸¢à¸‡à¹„à¸”à¹‰à¸žà¸šà¸«à¸™à¹‰à¸²à¸«à¸à¸´à¸‡à¸ªà¸²à¸§à¸œà¸¹à¹‰à¸—à¸³à¸«à¸™à¹‰à¸²à¸—à¸µà¹ˆà¹à¸¡à¹ˆà¸žà¸±à¸™à¸˜à¸¸à¹Œà¸•à¸²à¸¡à¸šà¸±à¸à¸Šà¸²à¸‚à¸­à¸‡à¸¡à¸²à¸£à¸”à¸²à¸à¹‡à¸•à¹‰à¸­à¸‡à¸¢à¸­à¸¡à¸£à¸±à¸šà¹€à¸¥à¸¢à¸§à¹ˆà¸²à¹€à¸˜à¸­à¸œà¸´à¸”à¹„à¸›à¸ˆà¸²à¸à¸—à¸µà¹ˆà¹€à¸‚à¸²à¸„à¸²à¸”à¹€à¸­à¸²à¹„à¸§à¹‰à¸¡à¸²à¸ à¸ˆà¸²à¸à¸—à¸µà¹ˆà¸„à¸´à¸”à¸§à¹ˆà¸²à¹€à¸˜à¸­à¸„à¸‡à¸ˆà¸°à¸«à¸™à¹‰à¸²à¸•à¸²à¸ˆà¸·à¸”à¸Šà¸·à¸” à¸¡à¸­à¸‡à¹à¸¥à¹‰à¸§à¸„à¸‡à¸«à¸¡à¸”à¸­à¸²à¸£à¸¡à¸“à¹Œà¸—à¸²à¸‡à¹€à¸žà¸¨ à¹à¸•à¹ˆà¸§à¹ˆà¸²à¸—à¸µà¹ˆà¹à¸¡à¹ˆà¸‚à¸­à¸‡à¸¥à¸¹à¸à¹€à¸‚à¸²à¸à¸¥à¸±à¸šà¸ªà¸§à¸¢à¸ªà¸°à¸žà¸£à¸±à¹ˆà¸‡ à¸­à¸§à¸šà¸­à¸´à¹ˆà¸¡à¹„à¸›à¸—à¸±à¹‰à¸‡à¹€à¸™à¸·à¹‰à¸­à¸—à¸±à¹‰à¸‡à¸•à¸±à¸§ à¹à¸¥à¹‰à¸§à¸­à¸¢à¹ˆà¸²à¸‡à¸™à¸µà¹‰à¸„à¸²à¸ªà¹‚à¸™à¸§à¸²à¸­à¸¢à¹ˆà¸²à¸‡à¹€à¸„à¸¥à¸±à¸™à¸¡à¸µà¸«à¸£à¸·à¸­à¸ˆà¸°à¸¢à¸­à¸¡à¹ƒà¸Šà¹‰à¸§à¸´à¸˜à¸µà¸—à¸³à¸à¸´à¸Ÿà¸•à¹Œ à¸à¹‡à¹ƒà¸™à¹€à¸¡à¸·à¹ˆà¸­à¸§à¸´à¸˜à¸µà¸˜à¸£à¸£à¸¡à¸Šà¸²à¸•à¸´à¸™à¹ˆà¸²à¸ªà¸™à¹ƒà¸ˆà¸à¸§à¹ˆà¸²à¸•à¸±à¹‰à¸‡à¹€à¸¢à¸­à¸° à¸„à¸£à¸²à¸§à¸™à¸µà¹‰à¹à¸«à¸¥à¸°à¹€à¸‚à¸²à¸ˆà¸°à¹„à¸”à¹‰à¹€à¸«à¹‡à¸™à¸œà¸¹à¹‰à¸«à¸à¸´à¸‡à¸—à¸µà¹ˆà¸Šà¸­à¸šà¸­à¸§à¸”à¸”à¸µà¸„à¸™à¸™à¸µà¹‰à¹à¸œà¸¥à¸‡à¸¤à¸—à¸˜à¸´à¹Œà¹„à¸¡à¹ˆà¸­à¸­à¸à¸•à¸­à¸™à¸–à¸¹à¸à¸à¸±à¸à¸•à¸±à¸§à¹„à¸§à¹‰à¹ƒà¸•à¹‰à¸£à¹ˆà¸²à¸‡à¹à¸à¸£à¹ˆà¸‡!!', 175, 'TH1209094.jpg', '8', '2013-02-14 17:00:00', ''),
('TH13010', 'à¸à¸¥à¸£à¸±à¸à¸ªà¸•à¸£à¸­à¸§à¹Œà¹€à¸šà¸­à¸£à¹Œà¸£à¸µà¹ˆ / à¸žà¸‡à¸¨à¸à¸£', 'à¸­à¸±à¸™à¸¢à¸² à¸§à¸²à¸‡à¹à¸œà¸™à¸—à¸µà¹ˆà¸ˆà¸°à¸—à¸³à¹ƒà¸«à¹‰à¸”à¸£.à¹à¸ªà¸™ à¸¥à¸²à¸­à¸­à¸à¸ˆà¸²à¸à¸‡à¸²à¸™à¹€à¸žà¸·à¹ˆà¸­à¹„à¸›à¸—à¸³à¸‡à¸²à¸™à¸à¸±à¸šà¸£à¸´à¸©à¸±à¸—à¸‚à¹‰à¸²à¸¡à¸Šà¸²à¸•à¸´ à¹à¸•à¹ˆà¸à¸¥à¸±à¸šà¹„à¸¡à¹ˆà¸ªà¸³à¹€à¸£à¹‡à¸ˆà¹€à¸žà¸£à¸²à¸°à¹€à¸‚à¸²à¸à¸¥à¸±à¸šà¹„à¸›à¸—à¸³à¹„à¸£à¹ˆà¸•à¸£à¸­à¸§à¹Œà¹€à¸šà¸­à¸£à¹Œà¸£à¸µà¹ˆà¹à¸—à¸™ à¹€à¸£à¸·à¹ˆà¸­à¸‡à¸£à¸²à¸§à¸­à¸¥à¸§à¸™à¸ˆà¸™à¸™à¹ˆà¸²à¹€à¸§à¸µà¸¢à¸™à¸«à¸±à¸§à¸ˆà¸¶à¸‡à¸šà¸±à¸‡à¹€à¸à¸´à¸”à¸‚à¸¶à¹‰à¸™', 224, 'TH1301076.jpg', '8', '2013-02-14 17:00:00', '');

-- --------------------------------------------------------

--
-- Table structure for table `bso_book_category`
--

CREATE TABLE IF NOT EXISTS `bso_book_category` (
  `ID_Ca` varchar(3) COLLATE utf8_unicode_ci NOT NULL,
  `Na_Ca` varchar(300) COLLATE utf8_unicode_ci NOT NULL,
  PRIMARY KEY (`ID_Ca`)
) ENGINE=InnoDB DEFAULT CHARSET=utf8 COLLATE=utf8_unicode_ci;

--
-- Dumping data for table `bso_book_category`
--

INSERT INTO `bso_book_category` (`ID_Ca`, `Na_Ca`) VALUES
('0', 'None'),
('10', 'à¸„à¸“à¸´à¸•à¸¨à¸²à¸ªà¸•à¸£à¹Œ'),
('11', 'à¸§à¸´à¸—à¸¢à¸²à¸¨à¸²à¸ªà¸•à¸£à¹Œ'),
('12', 'à¸ªà¸±à¸‡à¸„à¸¡à¸¨à¸²à¸ªà¸•à¸£à¹Œ'),
('4', 'à¸à¸Žà¸«à¸¡à¸²à¸¢,à¸ªà¸±à¸à¸à¸²'),
('5', 'à¸à¸²à¸£à¹€à¸£à¸µà¸¢à¸™à¸à¸²à¸£à¸ªà¸­à¸™,à¸à¸²à¸£à¸¨à¸¶à¸à¸©à¸²'),
('6', 'à¸„à¸­à¸¡à¸žà¸´à¸§à¹€à¸•à¸­à¸£à¹Œ,à¹„à¸­à¸—à¸µ'),
('7', 'à¸ à¸²à¸©à¸²à¸¨à¸²à¸ªà¸•à¸£à¹Œ'),
('8', 'à¸™à¸´à¸¢à¸²à¸¢/à¸§à¸£à¸£à¸“à¸à¸£à¸£à¸¡'),
('99', 'à¸­à¸·à¹ˆà¸™à¹†');

-- --------------------------------------------------------

--
-- Table structure for table `bso_contact`
--

CREATE TABLE IF NOT EXISTS `bso_contact` (
  `id_contact` int(5) NOT NULL AUTO_INCREMENT,
  `title` varchar(50) COLLATE utf8_unicode_ci NOT NULL,
  `detail` varchar(100) COLLATE utf8_unicode_ci NOT NULL,
  `name` varchar(50) COLLATE utf8_unicode_ci NOT NULL,
  `email` varchar(50) COLLATE utf8_unicode_ci NOT NULL,
  `time` varchar(20) COLLATE utf8_unicode_ci NOT NULL,
  PRIMARY KEY (`id_contact`)
) ENGINE=InnoDB  DEFAULT CHARSET=utf8 COLLATE=utf8_unicode_ci AUTO_INCREMENT=5 ;

--
-- Dumping data for table `bso_contact`
--

INSERT INTO `bso_contact` (`id_contact`, `title`, `detail`, `name`, `email`, `time`) VALUES
(3, 'à¸•à¸´à¸”à¸•à¹ˆà¸­à¸œà¸¹à¹‰à¸”à¸¹à¹à¸¥', 'asdasds', 'à¸à¸²à¸£à¸ˆà¸±à¸”à¸—à¸³à¸à¸²', 'misspommasp2@gmail.com', '18:57:19 03/02/'),
(4, 'à¸•à¸´à¸”à¸•à¹ˆà¸­à¸œà¸¹à¹‰à¸”à¸¹à¹à¸¥', 'lkk.,m,,m,,mmlmmlmlmlm', 'à¸—à¹‡à¸­à¸š', 'jaj011@hotmail.com', '19:01:28 03/02/2013');

-- --------------------------------------------------------

--
-- Table structure for table `bso_member`
--

CREATE TABLE IF NOT EXISTS `bso_member` (
  `ID_Member` int(5) NOT NULL AUTO_INCREMENT,
  `Na_Member` varchar(50) CHARACTER SET utf8 NOT NULL,
  `Ad_Member` varchar(150) COLLATE utf8_unicode_ci NOT NULL,
  `Te_Member` varchar(10) COLLATE utf8_unicode_ci NOT NULL,
  `Em_Member` varchar(50) COLLATE utf8_unicode_ci NOT NULL,
  `Us_Member` varchar(20) COLLATE utf8_unicode_ci NOT NULL,
  `Pa_Member` varchar(10) COLLATE utf8_unicode_ci NOT NULL,
  PRIMARY KEY (`ID_Member`,`Us_Member`),
  KEY `Us_Member` (`Us_Member`)
) ENGINE=InnoDB  DEFAULT CHARSET=utf8 COLLATE=utf8_unicode_ci AUTO_INCREMENT=55 ;

--
-- Dumping data for table `bso_member`
--

INSERT INTO `bso_member` (`ID_Member`, `Na_Member`, `Ad_Member`, `Te_Member`, `Em_Member`, `Us_Member`, `Pa_Member`) VALUES
(2, 'à¸ªà¸¸à¹€à¸¡à¸˜à¸²', 'sdsad', '448', 'top_life@hotmail.com', 'Top', '43'),
(4, 'à¸œà¸¶à¹‰à¸‡à¸™à¹‰à¸­à¸¢', '45 à¸šà¸²à¸‡à¸¥à¸³à¸žà¸¹ à¸à¸—à¸¡', '0852155', 'phung@hotmaol.com', 'phueng', 'toplife'),
(38, 'à¸­à¸”à¸´à¸¨à¸£ à¸¡à¸µà¸›à¹‰à¸­à¸¡', 'à¸›à¸—à¸¸à¸¡à¸˜à¸²à¸™à¸µ', '085253', 'tpsumeta@gmail.com', 'ban', 'toplife'),
(39, 'à¸ˆà¸´à¸£à¸±à¸Šà¸à¸²', 'à¸™à¸™à¸—à¸šà¸¸à¸£à¸µ', '0830445179', 'tong3027@hotmail.om', 'tong', '1234'),
(40, 'dkdk', 'dkdk', 'dkdk', 'top_life@hotmail.com', 'top', 'dkdk'),
(41, 'admin', 'bankkok', '0830445179', 'tpsumeta@gmail.com', 'admin', 'admin'),
(54, 'Nong', 'Sdu', '087667766', 'top_ussdkdk@hotmail.com', 'Nong', '8910');

-- --------------------------------------------------------

--
-- Table structure for table `bso_order`
--

CREATE TABLE IF NOT EXISTS `bso_order` (
  `ID_Order` varchar(15) COLLATE utf8_unicode_ci NOT NULL,
  `ID_Basket` varchar(15) COLLATE utf8_unicode_ci NOT NULL DEFAULT '',
  `ID_Member` int(5) NOT NULL,
  `ID_Book` varchar(7) COLLATE utf8_unicode_ci NOT NULL,
  `Na_Book` varchar(300) COLLATE utf8_unicode_ci NOT NULL,
  `Number` int(3) NOT NULL,
  `Va_Book` int(4) NOT NULL,
  `Da_Order` timestamp NOT NULL DEFAULT '0000-00-00 00:00:00',
  `Status_o` varchar(150) COLLATE utf8_unicode_ci NOT NULL,
  PRIMARY KEY (`ID_Basket`)
) ENGINE=InnoDB DEFAULT CHARSET=utf8 COLLATE=utf8_unicode_ci;

--
-- Dumping data for table `bso_order`
--

INSERT INTO `bso_order` (`ID_Order`, `ID_Basket`, `ID_Member`, `ID_Book`, `Na_Book`, `Number`, `Va_Book`, `Da_Order`, `Status_o`) VALUES
('20131802035628', '20131802035628', 2, '893', 'à¸ˆà¸¸à¸¥à¸ªà¸²à¸£ à¸›à¸µà¸—à¸µà¹ˆ 5 à¸‰à¸šà¸±à¸šà¸—à¸µà¹ˆ 3 à¹€à¸•à¸£à¸µà¸¢à¸¡à¸žà¸£à¹‰à¸­à¸¡à¸£à¸±à¸šà¸¡à¸·à¸­à¹‚à¸£à¸„à¸­à¸¸à¸šà¸±à¸•à¸´à¹ƒà¸«à¸¡à¹ˆ/à¸­à¸¸à¸šà¸±à¸•à¸´à¸‹à¹‰à¸³ à¹à¸¥à¸°à¸ à¸±à¸¢à¸žà¸´à¸šà¸±à¸•à¸´à¸—à¸²à¸‡à¸˜à¸£à¸£à¸¡à¸Šà¸²à¸•à¸´', 3, 50, '2013-02-18 14:57:18', 'à¸Šà¸³à¸£à¸°à¹€à¸‡à¸´à¸™à¹à¸¥à¹‰à¸§'),
('20131802035628', '20131802035651', 2, 'LT13010', 'à¸¡à¸™à¸•à¸£à¹Œà¸£à¸±à¸à¹ƒà¸™à¸¥à¸¡à¸£à¹‰à¸­à¸™', 1, 259, '2013-02-18 14:57:18', 'à¸Šà¸³à¸£à¸°à¹€à¸‡à¸´à¸™à¹à¸¥à¹‰à¸§'),
('20131802035628', '20131802035709', 2, '667', 'à¸„à¸¹à¹ˆà¸¡à¸·à¸­à¸™à¹‰à¸³à¸«à¸¡à¸±à¸à¸Šà¸µà¸§à¸ à¸²à¸žà¹€à¸žà¸·à¹ˆà¸­à¸à¸²à¸£à¸šà¸£à¸´à¹‚à¸ à¸„', 1, 65, '2013-02-18 14:57:18', 'à¸Šà¸³à¸£à¸°à¹€à¸‡à¸´à¸™à¹à¸¥à¹‰à¸§'),
('20131902055457', '20131902055457', 37, '927', 'à¹€à¸„à¸£à¸·à¹ˆà¸­à¸‡à¸šà¸´à¸™à¸à¸£à¸°à¸”à¸²à¸©à¸žà¸±à¸š', 1, 40, '2013-02-19 04:55:15', 'à¸Šà¸³à¸£à¸°à¹€à¸‡à¸´à¸™à¹à¸¥à¹‰à¸§'),
('20131902061053', '20131902061053', 37, '420', 'à¸™à¸´à¸•à¸¢à¸ªà¸²à¸£ A day à¸‰à¸šà¸±à¸šà¸§à¸´à¸—à¸¢à¸²à¸¨à¸²à¸ªà¸•à¸£à¹Œ', 2, 40, '2013-02-19 05:11:57', 'à¸¢à¸±à¸‡à¹„à¸¡à¹ˆà¹„à¸”à¹‰à¸Šà¸³à¸£à¸°à¹€à¸‡à¸´à¸™'),
('20131902063810', '20131902063810', 37, 'PY12120', 'à¹€à¸”à¸­à¸° à¹€à¸¡à¸ˆà¸´à¸ (The Secret) / à¸£à¸­à¸™à¸”à¸² à¹€à¸šà¸´à¸£à¹Œà¸™', 3, 132, '2013-02-19 17:39:18', 'à¸¢à¸±à¸‡à¹„à¸¡à¹ˆà¹„à¸”à¹‰à¸Šà¸³à¸£à¸°à¹€à¸‡à¸´à¸™'),
('20131902063810', '20131902063857', 37, '927', 'à¹€à¸„à¸£à¸·à¹ˆà¸­à¸‡à¸šà¸´à¸™à¸à¸£à¸°à¸”à¸²à¸©à¸žà¸±à¸š', 1, 40, '2013-02-19 17:39:18', 'à¸¢à¸±à¸‡à¹„à¸¡à¹ˆà¹„à¸”à¹‰à¸Šà¸³à¸£à¸°à¹€à¸‡à¸´à¸™'),
('20131902064355', '20131902064355', 38, '667', 'à¸„à¸¹à¹ˆà¸¡à¸·à¸­à¸™à¹‰à¸³à¸«à¸¡à¸±à¸à¸Šà¸µà¸§à¸ à¸²à¸žà¹€à¸žà¸·à¹ˆà¸­à¸à¸²à¸£à¸šà¸£à¸´à¹‚à¸ à¸„', 1, 65, '2013-02-19 17:44:04', 'à¸Šà¸³à¸£à¸°à¹€à¸‡à¸´à¸™à¹à¸¥à¹‰à¸§'),
('20131902065057', '20131902065057', 37, '525', 'e-waste: à¸à¸²à¸£à¸£à¸µà¹„à¸‹à¹€à¸„à¸´à¸¥à¸‹à¸²à¸à¹à¸œà¹ˆà¸™à¸§à¸‡à¸ˆà¸£à¸­à¸´à¹€à¸¥à¹‡à¸à¸—à¸£à¸­à¸™à¸´à¸à¸ªà¹Œà¸”à¹‰à¸§à¸¢à¸§à¸´à¸˜à¸µà¸—à¸²à¸‡à¸à¸²à¸¢à¸ à¸²à¸ž', 8, 175, '2013-02-19 17:51:09', 'à¸¢à¸±à¸‡à¹„à¸¡à¹ˆà¹„à¸”à¹‰à¸Šà¸³à¸£à¸°à¹€à¸‡à¸´à¸™'),
('20132002024424', '20132002024424', 39, '927', 'à¹€à¸„à¸£à¸·à¹ˆà¸­à¸‡à¸šà¸´à¸™à¸à¸£à¸°à¸”à¸²à¸©à¸žà¸±à¸š', 1, 40, '2013-02-20 01:44:38', 'à¸Šà¸³à¸£à¸°à¹€à¸‡à¸´à¸™à¹à¸¥à¹‰à¸§'),
('20132002025742', '20132002025742', 37, '765', '6557', 10, 65, '2013-02-20 01:58:22', 'à¸Šà¸³à¸£à¸°à¹€à¸‡à¸´à¸™à¹à¸¥à¹‰à¸§'),
('20132002025742', '20132002025808', 37, '525', 'e-waste: à¸à¸²à¸£à¸£à¸µà¹„à¸‹à¹€à¸„à¸´à¸¥à¸‹à¸²à¸à¹à¸œà¹ˆà¸™à¸§à¸‡à¸ˆà¸£à¸­à¸´à¹€à¸¥à¹‡à¸à¸—à¸£à¸­à¸™à¸´à¸à¸ªà¹Œà¸”à¹‰à¸§à¸¢à¸§à¸´à¸˜à¸µà¸—à¸²à¸‡à¸à¸²à¸¢à¸ à¸²à¸ž', 10, 175, '2013-02-20 01:58:22', 'à¸Šà¸³à¸£à¸°à¹€à¸‡à¸´à¸™à¹à¸¥à¹‰à¸§'),
('20132702080156', '20132702080156', 41, '927', 'à¹€à¸„à¸£à¸·à¹ˆà¸­à¸‡à¸šà¸´à¸™à¸à¸£à¸°à¸”à¸²à¸©à¸žà¸±à¸š', 4, 40, '2013-02-27 07:02:08', 'à¸¢à¸±à¸‡à¹„à¸¡à¹ˆà¹„à¸”à¹‰à¸Šà¸³à¸£à¸°à¹€à¸‡à¸´à¸™'),
('20132702080623', '20132702080623', 54, 'LT13010', 'à¸¡à¸™à¸•à¸£à¹Œà¸£à¸±à¸à¹ƒà¸™à¸¥à¸¡à¸£à¹‰à¸­à¸™', 3, 259, '2013-02-27 07:07:51', 'à¸¢à¸±à¸‡à¹„à¸¡à¹ˆà¹„à¸”à¹‰à¸Šà¸³à¸£à¸°à¹€à¸‡à¸´à¸™'),
('20132702080623', '20132702080658', 54, '420', 'à¸™à¸´à¸•à¸¢à¸ªà¸²à¸£ A day à¸‰à¸šà¸±à¸šà¸§à¸´à¸—à¸¢à¸²à¸¨à¸²à¸ªà¸•à¸£à¹Œ', 1, 40, '2013-02-27 07:07:51', 'à¸¢à¸±à¸‡à¹„à¸¡à¹ˆà¹„à¸”à¹‰à¸Šà¸³à¸£à¸°à¹€à¸‡à¸´à¸™'),
('20132702080623', '20132702080733', 54, 'LT13010', 'à¸¡à¸™à¸•à¸£à¹Œà¸£à¸±à¸à¹ƒà¸™à¸¥à¸¡à¸£à¹‰à¸­à¸™', 1, 259, '2013-02-27 07:07:51', 'à¸¢à¸±à¸‡à¹„à¸¡à¹ˆà¹„à¸”à¹‰à¸Šà¸³à¸£à¸°à¹€à¸‡à¸´à¸™');

-- --------------------------------------------------------

--
-- Table structure for table `bso_payment`
--

CREATE TABLE IF NOT EXISTS `bso_payment` (
  `ID_Pay` int(5) NOT NULL AUTO_INCREMENT,
  `ID_Order` varchar(15) COLLATE utf8_unicode_ci NOT NULL,
  `Nu_Pay` int(6) NOT NULL,
  `Da_Pay` varchar(20) COLLATE utf8_unicode_ci NOT NULL,
  `Wh_Pay` varchar(300) COLLATE utf8_unicode_ci NOT NULL,
  PRIMARY KEY (`ID_Pay`)
) ENGINE=InnoDB  DEFAULT CHARSET=utf8 COLLATE=utf8_unicode_ci AUTO_INCREMENT=2 ;

--
-- Dumping data for table `bso_payment`
--

INSERT INTO `bso_payment` (`ID_Pay`, `ID_Order`, `Nu_Pay`, `Da_Pay`, `Wh_Pay`) VALUES
(1, '20132002025742', 2480, '20/02/2556', 'à¸à¸à¸²à¸à¸²à¸”à¸²à¸à¸²à¸”à¸«à¸à¸²à¸”à¸«à¸²');

/*!40101 SET CHARACTER_SET_CLIENT=@OLD_CHARACTER_SET_CLIENT */;
/*!40101 SET CHARACTER_SET_RESULTS=@OLD_CHARACTER_SET_RESULTS */;
/*!40101 SET COLLATION_CONNECTION=@OLD_COLLATION_CONNECTION */;
